"","lakeID","CPUE"
"1","BA",4.90691596474801
"2","BR",2.02181170026431
"3","CB",0
"4","DW",3.22180784726801
"5","HB",5.08513576076687
"6","RB",4.90691596474801
"7","RE",0
"8","RS",5.72375779832262
"9","TU",22.5668014633516
"10","WL",0
